{
    "name": "Global Information",
    "numberOfRequests": {
        "total": 245,
        "ok": 245,
        "ko": 0
    },
    "minResponseTime": {
        "total": 41,
        "ok": 41,
        "ko": 0
    },
    "maxResponseTime": {
        "total": 297,
        "ok": 297,
        "ko": 0
    },
    "meanResponseTime": {
        "total": 129,
        "ok": 129,
        "ko": 0
    },
    "standardDeviation": {
        "total": 70,
        "ok": 70,
        "ko": 0
    },
    "percentiles1": {
        "total": 172,
        "ok": 172,
        "ko": 0
    },
    "percentiles2": {
        "total": 183,
        "ok": 183,
        "ko": 0
    },
    "percentiles3": {
        "total": 211,
        "ok": 211,
        "ko": 0
    },
    "percentiles4": {
        "total": 229,
        "ok": 229,
        "ko": 0
    },
    "group1": {
    "name": "t < 800 ms",
    "count": 245,
    "percentage": 100
},
    "group2": {
    "name": "800 ms < t < 1200 ms",
    "count": 0,
    "percentage": 0
},
    "group3": {
    "name": "t > 1200 ms",
    "count": 0,
    "percentage": 0
},
    "group4": {
    "name": "failed",
    "count": 0,
    "percentage": 0
},
    "meanNumberOfRequestsPerSecond": {
        "total": 12.25,
        "ok": 12.25,
        "ko": 0
    }
}