{
  "type": "GROUP",
"name": "Global Information",
"path": "",
"pathFormatted": "group_missing-name-b06d1",
"stats": {
    "name": "Global Information",
    "numberOfRequests": {
        "total": 245,
        "ok": 245,
        "ko": 0
    },
    "minResponseTime": {
        "total": 41,
        "ok": 41,
        "ko": 0
    },
    "maxResponseTime": {
        "total": 297,
        "ok": 297,
        "ko": 0
    },
    "meanResponseTime": {
        "total": 129,
        "ok": 129,
        "ko": 0
    },
    "standardDeviation": {
        "total": 70,
        "ok": 70,
        "ko": 0
    },
    "percentiles1": {
        "total": 172,
        "ok": 172,
        "ko": 0
    },
    "percentiles2": {
        "total": 183,
        "ok": 183,
        "ko": 0
    },
    "percentiles3": {
        "total": 211,
        "ok": 211,
        "ko": 0
    },
    "percentiles4": {
        "total": 229,
        "ok": 229,
        "ko": 0
    },
    "group1": {
    "name": "t < 800 ms",
    "count": 245,
    "percentage": 100
},
    "group2": {
    "name": "800 ms < t < 1200 ms",
    "count": 0,
    "percentage": 0
},
    "group3": {
    "name": "t > 1200 ms",
    "count": 0,
    "percentage": 0
},
    "group4": {
    "name": "failed",
    "count": 0,
    "percentage": 0
},
    "meanNumberOfRequestsPerSecond": {
        "total": 12.25,
        "ok": 12.25,
        "ko": 0
    }
},
"contents": {
"req_post-activitie-5fa93": {
        "type": "REQUEST",
        "name": "Post activitie",
"path": "Post activitie",
"pathFormatted": "req_post-activitie-5fa93",
"stats": {
    "name": "Post activitie",
    "numberOfRequests": {
        "total": 140,
        "ok": 140,
        "ko": 0
    },
    "minResponseTime": {
        "total": 165,
        "ok": 165,
        "ko": 0
    },
    "maxResponseTime": {
        "total": 233,
        "ok": 233,
        "ko": 0
    },
    "meanResponseTime": {
        "total": 185,
        "ok": 185,
        "ko": 0
    },
    "standardDeviation": {
        "total": 13,
        "ok": 13,
        "ko": 0
    },
    "percentiles1": {
        "total": 181,
        "ok": 181,
        "ko": 0
    },
    "percentiles2": {
        "total": 190,
        "ok": 190,
        "ko": 0
    },
    "percentiles3": {
        "total": 212,
        "ok": 212,
        "ko": 0
    },
    "percentiles4": {
        "total": 229,
        "ok": 229,
        "ko": 0
    },
    "group1": {
    "name": "t < 800 ms",
    "count": 140,
    "percentage": 100
},
    "group2": {
    "name": "800 ms < t < 1200 ms",
    "count": 0,
    "percentage": 0
},
    "group3": {
    "name": "t > 1200 ms",
    "count": 0,
    "percentage": 0
},
    "group4": {
    "name": "failed",
    "count": 0,
    "percentage": 0
},
    "meanNumberOfRequestsPerSecond": {
        "total": 7.0,
        "ok": 7.0,
        "ko": 0
    }
}
    },"req_put-activitie-0e288": {
        "type": "REQUEST",
        "name": "Put activitie",
"path": "Put activitie",
"pathFormatted": "req_put-activitie-0e288",
"stats": {
    "name": "Put activitie",
    "numberOfRequests": {
        "total": 35,
        "ok": 35,
        "ko": 0
    },
    "minResponseTime": {
        "total": 41,
        "ok": 41,
        "ko": 0
    },
    "maxResponseTime": {
        "total": 213,
        "ok": 213,
        "ko": 0
    },
    "meanResponseTime": {
        "total": 52,
        "ok": 52,
        "ko": 0
    },
    "standardDeviation": {
        "total": 28,
        "ok": 28,
        "ko": 0
    },
    "percentiles1": {
        "total": 46,
        "ok": 46,
        "ko": 0
    },
    "percentiles2": {
        "total": 50,
        "ok": 50,
        "ko": 0
    },
    "percentiles3": {
        "total": 63,
        "ok": 63,
        "ko": 0
    },
    "percentiles4": {
        "total": 165,
        "ok": 165,
        "ko": 0
    },
    "group1": {
    "name": "t < 800 ms",
    "count": 35,
    "percentage": 100
},
    "group2": {
    "name": "800 ms < t < 1200 ms",
    "count": 0,
    "percentage": 0
},
    "group3": {
    "name": "t > 1200 ms",
    "count": 0,
    "percentage": 0
},
    "group4": {
    "name": "failed",
    "count": 0,
    "percentage": 0
},
    "meanNumberOfRequestsPerSecond": {
        "total": 1.75,
        "ok": 1.75,
        "ko": 0
    }
}
    },"req_get-activitie-132d0": {
        "type": "REQUEST",
        "name": "Get activitie",
"path": "Get activitie",
"pathFormatted": "req_get-activitie-132d0",
"stats": {
    "name": "Get activitie",
    "numberOfRequests": {
        "total": 35,
        "ok": 35,
        "ko": 0
    },
    "minResponseTime": {
        "total": 41,
        "ok": 41,
        "ko": 0
    },
    "maxResponseTime": {
        "total": 297,
        "ok": 297,
        "ko": 0
    },
    "meanResponseTime": {
        "total": 59,
        "ok": 59,
        "ko": 0
    },
    "standardDeviation": {
        "total": 49,
        "ok": 49,
        "ko": 0
    },
    "percentiles1": {
        "total": 45,
        "ok": 45,
        "ko": 0
    },
    "percentiles2": {
        "total": 50,
        "ok": 50,
        "ko": 0
    },
    "percentiles3": {
        "total": 105,
        "ok": 105,
        "ko": 0
    },
    "percentiles4": {
        "total": 267,
        "ok": 267,
        "ko": 0
    },
    "group1": {
    "name": "t < 800 ms",
    "count": 35,
    "percentage": 100
},
    "group2": {
    "name": "800 ms < t < 1200 ms",
    "count": 0,
    "percentage": 0
},
    "group3": {
    "name": "t > 1200 ms",
    "count": 0,
    "percentage": 0
},
    "group4": {
    "name": "failed",
    "count": 0,
    "percentage": 0
},
    "meanNumberOfRequestsPerSecond": {
        "total": 1.75,
        "ok": 1.75,
        "ko": 0
    }
}
    },"req_delete-activiti-bfca8": {
        "type": "REQUEST",
        "name": "Delete activitie",
"path": "Delete activitie",
"pathFormatted": "req_delete-activiti-bfca8",
"stats": {
    "name": "Delete activitie",
    "numberOfRequests": {
        "total": 35,
        "ok": 35,
        "ko": 0
    },
    "minResponseTime": {
        "total": 41,
        "ok": 41,
        "ko": 0
    },
    "maxResponseTime": {
        "total": 210,
        "ok": 210,
        "ko": 0
    },
    "meanResponseTime": {
        "total": 53,
        "ok": 53,
        "ko": 0
    },
    "standardDeviation": {
        "total": 31,
        "ok": 31,
        "ko": 0
    },
    "percentiles1": {
        "total": 45,
        "ok": 45,
        "ko": 0
    },
    "percentiles2": {
        "total": 48,
        "ok": 48,
        "ko": 0
    },
    "percentiles3": {
        "total": 82,
        "ok": 82,
        "ko": 0
    },
    "percentiles4": {
        "total": 186,
        "ok": 186,
        "ko": 0
    },
    "group1": {
    "name": "t < 800 ms",
    "count": 35,
    "percentage": 100
},
    "group2": {
    "name": "800 ms < t < 1200 ms",
    "count": 0,
    "percentage": 0
},
    "group3": {
    "name": "t > 1200 ms",
    "count": 0,
    "percentage": 0
},
    "group4": {
    "name": "failed",
    "count": 0,
    "percentage": 0
},
    "meanNumberOfRequestsPerSecond": {
        "total": 1.75,
        "ok": 1.75,
        "ko": 0
    }
}
    }
}

}